{
  "publicaciones": [
    {
      "id": 2,
      "correo": "avalenzuela@duocuc.cl",
      "nombre": "Alberto",
      "apellido": "Valenzuela",
      "titulo": "Carrera de Ingeniería en Informática en el Instituto Duoc",
      "contenido": "Si te apasiona la tecnología, la carrera de Ingeniería en Informática en el Instituto Duoc es una excelente opción. Aprenderás las habilidades necesarias para destacarte en el campo de la informática."
    },
    {
      "id": 3,
      "correo": "cfuentes@duocuc.cl",
      "nombre": "Carla",
      "apellido": "Fuentes",
      "titulo": "Experiencia de un Estudiante en el Instituto Duoc",
      "contenido": "Como estudiante del Instituto Duoc, he tenido la oportunidad de participar en proyectos emocionantes y adquirir conocimientos prácticos que me preparan para el mundo laboral."
    },
    {
      "id": 5,
      "correo": "avalenzuela@duocuc.cl",
      "nombre": "Alberto",
      "apellido": "Valenzuela",
      "titulo": "Carrera de Ingeniería en Informática en el Instituto Duoc",
      "contenido": "Si te apasiona la tecnología, la carrera de Ingeniería en Informática en el Instituto Duoc es una excelente opción. Aprenderás las habilidades necesarias para destacarte en el campo de la informática."
    },
    {
      "id": 6,
      "correo": "cfuentes@duocuc.cl",
      "nombre": "Carla",
      "apellido": "Fuentes",
      "titulo": "Experiencia de un Estudiante en el Instituto Duoc",
      "contenido": "Como estudiante del Instituto Duoc, he tenido la oportunidad de participar en proyectos emocionantes y adquirir conocimientos prácticos que me preparan para el mundo laboral."
    },
    {
      "id": 8,
      "correo": "avalenzuela@duocuc.cl",
      "nombre": "Alberto",
      "apellido": "Valenzuela",
      "titulo": "Investigación y Avances en Ciencia en el Instituto Duoc",
      "contenido": "Nuestro compromiso con la investigación y la innovación en el Instituto Duoc nos permite contribuir al avance de la ciencia. Conoce nuestros proyectos y logros."
    },
    {
      "id": 9,
      "correo": "cfuentes@duocuc.cl",
      "nombre": "Carla",
      "apellido": "Fuentes",
      "titulo": "Eventos Culturales en el Instituto Duoc",
      "contenido": "Descubre la diversidad cultural en el Instituto Duoc. Participa en nuestros eventos culturales que celebran la creatividad y el arte."
    },
    {
      "id": 10,
      "correo": "atorres@duocuc.cl",
      "nombre": "Ana",
      "apellido": "Torres",
      "titulo": "asfsaf",
      "contenido": "sfaafs"
    },
    {
      "id": 11,
      "correo": "atorres@duocuc.cl",
      "nombre": "Ana",
      "apellido": "Torres",
      "titulo": "Hola publicadcion",
      "contenido": "gadgadgdag"
    },
    {
      "id": 12,
      "correo": "atorres@duocuc.cl",
      "nombre": "Ana",
      "apellido": "Torres",
      "titulo": "fda",
      "contenido": "df"
    },
    {
      "id": 13,
      "correo": "atorres@duocuc.cl",
      "nombre": "Ana",
      "apellido": "Torres",
      "titulo": "Título de prueba 873659",
      "contenido": "Contenido de prueba 873659"
    },
    {
      "id": 14,
      "correo": "atorres@duocuc.cl",
      "nombre": "Ana",
      "apellido": "Torres",
      "titulo": "Título de prueba 287464",
      "contenido": "Contenido de prueba 287464"
    },
    {
      "id": 15,
      "correo": "atorres@duocuc.cl",
      "nombre": "Ana",
      "apellido": "Torres",
      "titulo": "Título de prueba 536139",
      "contenido": "Contenido de prueba 536139"
    },
    {
      "id": 16,
      "correo": "atorres@duocuc.cl",
      "nombre": "Ana",
      "apellido": "Torres",
      "titulo": "Título de prueba 215602",
      "contenido": "Contenido de prueba 215602"
    }
  ]
}